ISDcode,ISD,dcode,District,bcode,School ,AYP,AYP Phase,Building Type
52,Marquette-Alger RESA,02020,Burt Township School District,04999,Burt Township School,Yes,Identified for Improvement - Year One,K-12 School
03,Allegan Area Educational Service Agency,03010,Plainwell Community Schools,08016,Renaissance High School,No,Identified for Improvement - Year Two,Alternative School
03,Allegan Area Educational Service Agency,03030,Allegan Public Schools,03535,Allegan Alternative High School,No,Identified for Restructuring - Implementation,Alternative School
03,Allegan Area Educational Service Agency,03040,Wayland Union Schools,04404,Wayland High School,Yes,Identified for Improvement - Year One,High School
04,Alpena-Montmorency-Alcona ESD,04010,Alpena Public Schools,07361,OxBow ACES Academy/Alternative and Adult Ed,No,Identified for Restructuring - Planning,Alternative School
09,Bay-Arenac ISD,09000,Bay-Arenac ISD,09735,ISD-Local Programs,No,Identified for Improvement - Year Two,Spec Ed Center
09,Bay-Arenac ISD,09010,Bay City School District,00227,Bay City Central High School,No,Identified for Restructuring - Implementation,High School
09,Bay-Arenac ISD,09010,Bay City School District,08573,Wenona Center Home of Wenona High/Middle School,No,Identified for Restructuring - Implementation,Alternative School
11,Berrien RESA,11010,Benton Harbor Area Schools,00286,Benton Harbor High School,Yes,Identified for Restructuring - Planning,Middle/High School
11,Berrien RESA,11160,Galien Township School District,09535,Galien Alternative Education School,No,Identified for Restructuring - Planning,Alternative School
11,Berrien RESA,11210,Brandywine Community Schools,08161,Bell Education Center,No,Corrective Action,Alternative School
11,Berrien RESA,11240,Berrien Springs Public Schools,09086,Berrien Springs Alternative Education Center,No,Corrective Action,Alternative School
11,Berrien RESA,11310,Buchanan Community Schools,00435,Buchanan High School,Yes,Identified for Improvement - Year One,High School
11,Berrien RESA,11330,Coloma Community Schools,00753,Coloma High School,Yes,Identified for Improvement - Year Two,High School
12,Branch ISD,12010,Coldwater Community Schools,01305,Franklin High School,No,Identified for Restructuring - Implementation,Alternative School
13,Calhoun ISD,13000,Calhoun ISD,00426,Doris Klaussen Dev. Center,No,Identified for Improvement - Year One,Spec Ed Center
13,Calhoun ISD,13010,Albion Public Schools,04936,Albion High School,No,Identified for Restructuring - Planning,High School
13,Calhoun ISD,13020,Battle Creek Public Schools,00223,Battle Creek Central High School,No,Identified for Restructuring - Implementation,High School
13,Calhoun ISD,13020,Battle Creek Public Schools,08574,South Hill Academy,No,Identified for Restructuring - Implementation,Alternative School
13,Calhoun ISD,13070,Harper Creek Community Schools,01576,Harper Creek High School,Yes,Identified for Improvement - Year One,High School
13,Calhoun ISD,13080,Homer Community Schools,07765,Homer Comm. Alt. Education,Yes,Identified for Improvement - Year One,Alternative School
13,Calhoun ISD,13110,Marshall Public Schools,09244,Shearman School EC Programs and Marshall AHS,No,Identified for Restructuring - Planning,Alternative School
13,Calhoun ISD,13904,Battle Creek Area Learning Center,08854,Battle Creek Area Learning Center,No,Corrective Action,Alternative School
14,Lewis Cass ISD,14000,Lewis Cass ISD,06215,Brookside Learning Center,No,Identified for Improvement - Year Two,Spec Ed Center
15,Charlevoix-Emmet ISD,15000,Charlevoix-Emmet ISD,07052,Char-Em Programs,No,Identified for Improvement - Year One,Spec Ed Center
15,Charlevoix-Emmet ISD,15020,Boyne City Public Schools,08545,Boyne City Alt. Ed. Boyne Valley Campus,No,Identified for Improvement - Year Two,Alternative School
15,Charlevoix-Emmet ISD,15060,East Jordan Public Schools,01015,East Jordan Elementary School,No,Identified for Improvement - Year One,Elementary
15,Charlevoix-Emmet ISD,15902,Northwest Academy,08340,Northwest Academy,Yes,Identified for Improvement - Year Two,K-12 School
16,Cheb-Otsego-Presque Isle ESD,16015,Cheboygan Area Schools,07932,Cheboygan Alternative High School,No,Identified for Improvement - Year Two,Alternative School
17,Eastern Upper Peninsula ISD,17010,Sault Ste. Marie Area Schools,06812,Malcolm High School,No,Identified for Restructuring - Planning,Alternative School
17,Eastern Upper Peninsula ISD,17090,Pickford Public Schools,09417,Consolidated Community School Services,No,Corrective Action,Alternative School
18,Clare-Gladwin Regional Education Service District,18060,Harrison Community Schools,07812,Harrison Alternative Education,No,Identified for Improvement - Year Two,High School
19,Clinton County RESA,19140,St. Johns Public Schools,01039,Wilson Center,No,Identified for Restructuring - Planning,Middle/High School
21,Delta-Schoolcraft ISD,21000,Delta-Schoolcraft ISD,03370,Learning Center,No,Identified for Improvement - Year One,Spec Ed Center
22,Dickinson-Iron ISD,22010,Iron Mountain Public Schools,08831,IM-K Community Education,No,Identified for Improvement - Year Two,Alternative School
23,Eaton ISD,23030,Charlotte Public Schools,07757,Charlotte Alternative Education,No,Corrective Action,Alternative School
23,Eaton ISD,23050,Eaton Rapids Public Schools,01060,Eaton Rapids Senior High School,Yes,Corrective Action,High School
23,Eaton ISD,23050,Eaton Rapids Public Schools,07672,Greyhound Central,No,Corrective Action,Alternative School
23,Eaton ISD,23060,Grand Ledge Public Schools,01457,Grand Ledge High School,No,Identified for Improvement - Year Two,High School
23,Eaton ISD,23060,Grand Ledge Public Schools,08979,Sawdon High School,No,Identified for Restructuring - Implementation,Alternative School
23,Eaton ISD,23065,Maple Valley Schools,07776,Kellogg Education Center,No,Identified for Restructuring - Planning,Alternative School
25,Genesee ISD,25010,Flint City School District,00094,Anderson School,No,Identified for Improvement - Year One,Elementary
25,Genesee ISD,25010,Flint City School District,02777,Northwestern High School,No,Identified for Restructuring - Implementation,High School
25,Genesee ISD,25010,Flint City School District,05950,Zimmerman Center,No,Corrective Action,Alternative School
25,Genesee ISD,25010,Flint City School District,06015,Schools of Choice,No,Identified for Restructuring - Implementation,Middle/High School
25,Genesee ISD,25010,Flint City School District,06199,Northern High School,No,Identified for Restructuring - Implementation,High School
25,Genesee ISD,25010,Flint City School District,07576,Mott Middle College High School,No,Corrective Action,High School
25,Genesee ISD,25010,Flint City School District,09891,Holmes Foundation,Yes,Identified for Restructuring - Planning,Middle School
25,Genesee ISD,25010,Flint City School District,09892,McKinley Foundation ,Yes,Identified for Restructuring - Planning,Middle School
25,Genesee ISD,25040,Mt. Morris Consolidated Schools,05763,E.A. Johnson Memorial H.S.,Yes,Identified for Improvement - Year One,High School
25,Genesee ISD,25040,Mt. Morris Consolidated Schools,07691,Mt. Morris Alternative Ed.,No,Identified for Restructuring - Implementation,Alternative School
25,Genesee ISD,25060,Bendle Public Schools,00270,Bendle High School,Yes,Identified for Improvement - Year One,High School
25,Genesee ISD,25060,Bendle Public Schools,07710,Bendle/Carman-Ainsworth Alternative Education,No,Identified for Restructuring - Implementation,Alternative School
25,Genesee ISD,25080,Carman-Ainsworth Community Schools,05009,Carman-Ainsworth High School,No,Identified for Improvement - Year Two,High School
25,Genesee ISD,25130,Atherton Community Schools,00138,Atherton High School,Yes,Identified for Improvement - Year One,High School
25,Genesee ISD,25140,Davison Community Schools,07770,Davison Alternative Education,No,Corrective Action,Alternative School
25,Genesee ISD,25150,Clio Area School District,00733,Clio Community Education,No,Identified for Restructuring - Planning,Alternative School
25,Genesee ISD,25180,Swartz Creek Community Schools,07465,Swartz Creek Academy,No,Identified for Restructuring - Implementation,Alternative School
25,Genesee ISD,25210,Westwood Heights Schools,06235,Hamady Community High School,Yes,Identified for Improvement - Year Two,High School
25,Genesee ISD,25240,Beecher Community School District,00253,Beecher High School,Yes,Identified for Restructuring - Planning,High School
25,Genesee ISD,25240,Beecher Community School District,02052,Beecher Adult/Alternative Education Center,Yes,Identified for Improvement - Year Two,Alternative School
25,Genesee ISD,25260,Montrose Community Schools,09494,Montrose Alternative Education Center,No,Corrective Action,Alternative School
25,Genesee ISD,25280,LakeVille Community Schools,08058,LakeVille Alternative High School,No,Identified for Restructuring - Implementation,Alternative School
28,Traverse Bay Area ISD,28000,Traverse Bay Area ISD,07133,New Campus Center,No,Identified for Restructuring - Planning,Spec Ed Center
28,Traverse Bay Area ISD,28010,Traverse City Area Public Schools,08810,Traverse City High School,No,Identified for Restructuring - Implementation,Middle/High School
29,Gratiot-Isabella RESD,29000,Gratiot-Isabella RESD,07502,RESD Gratiot County,No,Identified for Improvement - Year One,Spec Ed Center
30,Hillsdale ISD,30000,Hillsdale ISD,00737,Greenfield School,No,Identified for Improvement - Year Two,Spec Ed Center
30,Hillsdale ISD,30000,Hillsdale ISD,09169,The Manor,No,Identified for Improvement - Year One,Spec Ed Center
30,Hillsdale ISD,30030,Jonesville Community Schools,04696,Jonesville Alternative H.S.,No,Identified for Restructuring - Implementation,Alternative School
33,Ingham ISD,33020,Lansing Public School District,01044,Eastern High School,No,Identified for Restructuring - Implementation,High School
33,Ingham ISD,33020,Lansing Public School District,04456,Education Options,No,Corrective Action,Middle/High School
33,Ingham ISD,33020,Lansing Public School District,09564,Riddle Elementary,No,Identified for Improvement - Year One,Elementary
33,Ingham ISD,33070,Holt Public Schools,01711,Holt Senior High School,No,Identified for Restructuring - Implementation,High School
33,Ingham ISD,33070,Holt Public Schools,07621,Holt Central High School,No,Identified for Restructuring - Implementation,Alternative School
33,Ingham ISD,33215,Waverly Community Schools,04403,Waverly Senior High School,No,Identified for Improvement - Year Two,High School
33,Ingham ISD,33908,New City Academy,08727,New City Academy,No,Identified for Improvement - Year Two,Elementary
34,Ionia ISD,34000,Ionia ISD,00722,Freedom Acres School,No,Identified for Improvement - Year One,Spec Ed Center
34,Ionia ISD,34080,Belding Area School District,07570,Belding Adult and Community Education,No,Identified for Restructuring - Implementation,Alternative School
35,Iosco RESA,35040,Whittemore-Prescott Area Schools,04516,Whittemore-Prescott Area H.S.,Yes,Identified for Improvement - Year Two,High School
22,Dickinson-Iron ISD,36025,West Iron County Public Schools,01852,West Iron County High School,Yes,Identified for Improvement - Year Two,High School
29,Gratiot-Isabella RESD,37010,Mt. Pleasant City School District,02636,Mt. Pleasant Senior High School,Yes,Identified for Improvement - Year Two,High School
29,Gratiot-Isabella RESD,37010,Mt. Pleasant City School District,07496,Oasis Alternative Ed. School,No,Identified for Restructuring - Implementation,Alternative School
29,Gratiot-Isabella RESD,37060,Shepherd Public School District,07631,Odyssey Middle/High School,No,Identified for Improvement - Year Two,Alternative School
38,Jackson ISD,38000,Jackson ISD,05984,Lyle A. Torrant Center,No,Identified for Improvement - Year Two,Spec Ed Center
38,Jackson ISD,38010,Western School District,07261,Woodville Community Center,No,Identified for Restructuring - Planning,Alternative School
38,Jackson ISD,38040,Columbia School District,05598,Columbia Alternative Education,No,Identified for Restructuring - Planning,High School
38,Jackson ISD,38090,East Jackson Community Schools,01017,East Jackson High School,Yes,Identified for Improvement - Year One,High School
38,Jackson ISD,38120,Michigan Center School District,02544,Michigan Center Jr/Sr High School,No,Identified for Improvement - Year Two,Middle/High School
38,Jackson ISD,38130,Napoleon Community Schools,07973,Ackerson Lake Community Education,No,Identified for Restructuring - Planning,Alternative School
38,Jackson ISD,38140,Northwest Community Schools,05625,Northwest High School,Yes,Identified for Restructuring - Planning,High School
38,Jackson ISD,38140,Northwest Community Schools,08571,Northwest Alternative High School,No,Identified for Restructuring - Planning,Alternative School
38,Jackson ISD,38170,Jackson Public Schools,01870,Jackson High School,Yes,Identified for Restructuring - Planning,High School
38,Jackson ISD,38170,Jackson Public Schools,04187,TA Wilson School,No,Identified for Restructuring - Implementation,Alternative School
38,Jackson ISD,38170,Jackson Public Schools,06417,Amy Firth Middle School,No,Identified for Restructuring - Implementation,Alternative School
38,Jackson ISD,38901,Da Vinci Institute,08244,Da Vinci Institute (9-12),No,Identified for Restructuring - Planning,High School
39,Kalamazoo RESA,39000,Kalamazoo RESA,07289,Valley Center School,No,Identified for Restructuring - Planning,Spec Ed Center
39,Kalamazoo RESA,39010,Kalamazoo Public School District,02275,Loy Norrix High School,Yes,Identified for Restructuring - Planning,High School
39,Kalamazoo RESA,39010,Kalamazoo Public School District,02575,Milwood Middle School,No,Corrective Action,Middle School
39,Kalamazoo RESA,39010,Kalamazoo Public School District,03518,Maple Street Magnet School for the Arts,No,Identified for Restructuring - Implementation,Middle School
39,Kalamazoo RESA,39010,Kalamazoo Public School District,04737,Phoenix Alternative High School,No,Corrective Action,Alternative School
39,Kalamazoo RESA,39020,Climax-Scotts Community Schools,00723,Climax-Scotts High School,Yes,Identified for Improvement - Year One,Middle/High School
39,Kalamazoo RESA,39030,Comstock Public Schools,05038,Comstock Compass High School,No,Identified for Improvement - Year One,High School
39,Kalamazoo RESA,39130,Parchment School District,00201,Barclay Hills Education Center,No,Identified for Restructuring - Implementation,Alternative School
39,Kalamazoo RESA,39140,Portage Public Schools,02561,Portage Community High School,No,Identified for Restructuring - Implementation,Alternative School
28,Traverse Bay Area ISD,40040,Kalkaska Public Schools,08597,Northside Educational Center,No,Identified for Restructuring - Planning,High School
41,Kent ISD,41010,Grand Rapids Public Schools,02223,Lincoln School,Yes,Corrective Action,Spec Ed Center
41,Kent ISD,41010,Grand Rapids Public Schools,02806,Kent Educ Center--Oakleigh,Yes,Identified for Restructuring - Planning,Spec Ed Center
41,Kent ISD,41010,Grand Rapids Public Schools,04251,Union High School,Yes,Identified for Restructuring - Planning,High School
41,Kent ISD,41010,Grand Rapids Public Schools,05839,Park School,No,Identified for Restructuring - Implementation,Alternative School
41,Kent ISD,41010,Grand Rapids Public Schools,06434,Kent Education Center--Mayfield,No,Corrective Action,Spec Ed Center
41,Kent ISD,41010,Grand Rapids Public Schools,06741,Lincoln Developmental Center,No,Corrective Action,Spec Ed Center
41,Kent ISD,41010,Grand Rapids Public Schools,08236,Ottawa Community School,-,Corrective Action,Alternative School
41,Kent ISD,41010,Grand Rapids Public Schools,08362,Adelante High School,No,Identified for Restructuring - Implementation,Alternative School
41,Kent ISD,41010,Grand Rapids Public Schools,08366,Southeast Career Pathways,No,Identified for Restructuring - Planning,Alternative School
41,Kent ISD,41010,Grand Rapids Public Schools,08367,Central Community School,No,Identified for Improvement - Year One,Alternative School
41,Kent ISD,41010,Grand Rapids Public Schools,08923,Union Community School,-,Identified for Restructuring - Planning,Alternative School
41,Kent ISD,41010,Grand Rapids Public Schools,08949,Northwest Career Pathways,No,Identified for Restructuring - Implementation,Alternative School
41,Kent ISD,41010,Grand Rapids Public Schools,09285,Harrison Middle School,Yes,Identified for Improvement - Year Two,Middle School
41,Kent ISD,41020,Godwin Heights Public Schools,08423,Godwin Heights Learning Center,-,Corrective Action,Alternative School
41,Kent ISD,41025,Northview Public School District,07694,Northview Alternative High School,No,Corrective Action,Alternative School
41,Kent ISD,41026,Wyoming Public Schools,00736,Wyoming Community Educ. Center,-,Identified for Restructuring - Planning,Elementary
41,Kent ISD,41026,Wyoming Public Schools,03253,Rogers High School,Yes,Identified for Improvement - Year Two,High School
41,Kent ISD,41070,Cedar Springs Public Schools,08033,New Beginnings Alternative High School,No,Identified for Restructuring - Implementation,Alternative School
41,Kent ISD,41080,Comstock Park Public Schools,07061,North Kent High School,No,Identified for Restructuring - Planning,Alternative School
41,Kent ISD,41120,Godfrey-Lee Public Schools,07210,Vision Quest Alternative H.S.,No,Identified for Restructuring - Implementation,Alternative School
41,Kent ISD,41130,Grandville Public Schools,07062,Grandville Orion High School,No,Identified for Restructuring - Planning,Alternative School
41,Kent ISD,41140,Kelloggsville Public Schools,03308,Discovery Alternative H.S.,No,Identified for Restructuring - Planning,Alternative School
41,Kent ISD,41160,Kentwood Public Schools,05927,Wedgwood Campus,No,Identified for Restructuring - Implementation,Elementary
41,Kent ISD,41160,Kentwood Public Schools,08172,Crossroads Alternative High School,No,Identified for Restructuring - Implementation,Alternative School
41,Kent ISD,41170,Lowell Area Schools,05387,Unity Alternative School,-,Identified for Restructuring - Planning,Alternative School
41,Kent ISD,41240,Sparta Area Schools,04787,Englishville School,Yes,Identified for Improvement - Year One,Alternative School
44,Lapeer ISD,44000,Lapeer ISD,06544,Lapeer Co. Education and Technology  Center,No,Identified for Improvement - Year One,K-12 School
44,Lapeer ISD,44010,Lapeer Community Schools,07468,Lapeer Community High School,No,Identified for Restructuring - Implementation,Alternative School
44,Lapeer ISD,44060,Imlay City Community Schools,07729,Venture High School,No,Corrective Action,Alternative School
46,Lenawee ISD,46000,Lenawee ISD,00565,Milton C. Porter Ed. Center,No,Corrective Action,Spec Ed Center
46,Lenawee ISD,46000,Lenawee ISD,08863,Holy Cross Children's Services (Boysville),No,Identified for Restructuring - Implementation,Alternative School
46,Lenawee ISD,46010,Adrian City School District,00027,Adrian High School,No,Identified for Restructuring - Planning,High School
46,Lenawee ISD,46140,Tecumseh Public Schools,04143,Tecumseh High School,Yes,Identified for Improvement - Year Two,High School
46,Lenawee ISD,46140,Tecumseh Public Schools,08548,Tecumseh Options Institute,-,Identified for Improvement - Year One,Alternative School
47,Livingston ESA,47000,Livingston ESA,03613,Pathway School,No,Identified for Improvement - Year Two,Spec Ed Center
47,Livingston ESA,47010,Brighton Area Schools,00402,Brighton High School,No,Identified for Improvement - Year Two,High School
47,Livingston ESA,47060,Hartland Consolidated Schools,05150,Alternative Education,No,Identified for Restructuring - Implementation,Middle/High School
47,Livingston ESA,47901,Kensington Woods High School,08248,Kensington Woods High School,Yes,Identified for Improvement - Year Two,High School
50,Macomb ISD,50000,Macomb ISD,01363,Keith Bovenschen School,No,Identified for Improvement - Year Two,Spec Ed Center
50,Macomb ISD,50000,Macomb ISD,01376,Neil E. Reid High School,Yes,Corrective Action,Spec Ed Center
50,Macomb ISD,50000,Macomb ISD,08395,Bozymowski Center,No,Identified for Improvement - Year One,Spec Ed Center
50,Macomb ISD,50020,East Detroit Public Schools,01003,East Detroit High School,Yes,Identified for Improvement - Year Two,High School
50,Macomb ISD,50020,East Detroit Public Schools,08184,Kellwood  School (Alternative),No,Identified for Restructuring - Implementation,Alternative School
50,Macomb ISD,50030,Roseville Community Schools,01070,Guest Community Ed. Center,No,Identified for Restructuring - Implementation,Alternative School
50,Macomb ISD,50030,Roseville Community Schools,05596,Roseville High School,Yes,Corrective Action,High School
50,Macomb ISD,50070,Clintondale Community Schools,00731,Clintondale High School,Yes,Identified for Improvement - Year Two,High School
50,Macomb ISD,50070,Clintondale Community Schools,07669,Continuing Education Center,No,Identified for Restructuring - Planning,Alternative School
50,Macomb ISD,50080,Chippewa Valley Schools,00679,Chippewa Valley High School,Yes,Identified for Improvement - Year Two,High School
50,Macomb ISD,50080,Chippewa Valley Schools,07984,Chippewa Valley Adult and Mohegan Alt. Educ.,No,Identified for Restructuring - Planning,Alternative School
50,Macomb ISD,50090,Fitzgerald Public Schools,01242,Fitzgerald Senior High School,Yes,Identified for Restructuring - Planning,K-12 School
50,Macomb ISD,50090,Fitzgerald Public Schools,08903,Neigebaur Alternative Education Center,No,Identified for Restructuring - Planning,Alternative School
50,Macomb ISD,50120,Lake Shore Public Schools (Macomb),07687,North Lake High School,No,Corrective Action,Alternative School
50,Macomb ISD,50130,Lakeview Public Schools (Macomb),02105,Lakeview High School,No,Identified for Improvement - Year Two,High School
50,Macomb ISD,50140,L'Anse Creuse Public Schools,02124,L'Anse Creuse High School,No,Identified for Improvement - Year One,High School
50,Macomb ISD,50140,L'Anse Creuse Public Schools,06487,L'Anse Creuse High School - North,No,Identified for Improvement - Year Two,High School
50,Macomb ISD,50160,Mt. Clemens Community School District,02624,Mount Clemens High School,Yes,Identified for Improvement - Year Two,High School
50,Macomb ISD,50170,New Haven Community Schools,02683,New Haven High School,No,Identified for Restructuring - Implementation,High School
50,Macomb ISD,50220,Van Dyke Public Schools,02201,Lincoln High School,No,Identified for Restructuring - Implementation,High School
50,Macomb ISD,50220,Van Dyke Public Schools,08595,Thompson Community Center,No,Identified for Restructuring - Implementation,Middle/High School
50,Macomb ISD,50230,Warren Consolidated Schools,00645,Warren Mott High School,No,Identified for Restructuring - Implementation,High School
50,Macomb ISD,50230,Warren Consolidated Schools,00814,Cousino Senior High School,No,Corrective Action,High School
50,Macomb ISD,50230,Warren Consolidated Schools,08397,Butcher Community Center,No,Corrective Action,High School
50,Macomb ISD,50240,Warren Woods Public Schools,07575,Warren Woods Enterprise H.S.,No,Identified for Restructuring - Planning,Alternative School
50,Macomb ISD,50902,Conner Creek Academy East,09089,Conner Creek Academy East-MI Collegiate High,Yes,Identified for Improvement - Year Two,High School
50,Macomb ISD,50904,Conner Creek Academy,09098,Conner Creek Academy - High,Yes,Identified for Improvement - Year Two,Middle/High School
51,Manistee ISD,51000,Manistee ISD,08937,Manistee ISD Center Programs,No,Identified for Improvement - Year One,Spec Ed Center
51,Manistee ISD,51903,Casman Alternative Academy,08477,Casman Alternative Academy,No,Identified for Restructuring - Planning,Alternative School
52,Marquette-Alger RESA,52170,Marquette Area Public Schools,02389,Marquette Senior High School,Yes,Identified for Improvement - Year Two,Middle/High School
52,Marquette-Alger RESA,52170,Marquette Area Public Schools,07755,Graveraet School,No,Identified for Improvement - Year Two,Alternative School
53,Mason-Lake ISD,53000,Mason-Lake ISD,08874,Mason-Lake ISD Special Education,No,Identified for Improvement - Year One,Spec Ed Center
53,Mason-Lake ISD,53040,Ludington Area School District,09424,Journey Junior/Senior High School,No,Corrective Action,Alternative School
54,Mecosta-Osceola ISD,54000,Mecosta-Osceola ISD,09039,Ashmun School @ Eagle Village,Yes,Identified for Improvement - Year One,Spec Ed Center
54,Mecosta-Osceola ISD,54010,Big Rapids Public Schools,07943,New Directions High School,Yes,Identified for Restructuring - Planning,Alternative School
54,Mecosta-Osceola ISD,54040,Morley Stanwood Community Schools,02613,Morley Stanwood High School,No,Identified for Restructuring - Planning,High School
55,Menominee ISD,55000,Menominee ISD,08944,Menominee ISD Special Education,No,Identified for Improvement - Year One,Spec Ed Center
55,Menominee ISD,55115,North Central Area Schools,09599,Phoenix Alternative High School,No,Identified for Improvement - Year Two,High School
56,Midland County Educational Service Agency,56901,Windover High School,04561,Windover High School,No,Identified for Restructuring - Implementation,Alternative School
56,Midland County Educational Service Agency,56903,Academic and Career Education Academy,09696,Academic and Career Education Academy,No,Identified for Improvement - Year Two,High School
58,Monroe ISD,58010,Monroe Public Schools,02842,Orchard Center High School,No,Corrective Action,Alternative School
58,Monroe ISD,58010,Monroe Public Schools,06503,Monroe High School,No,Identified for Restructuring - Implementation,High School
58,Monroe ISD,58050,Dundee Community Schools,08848,Riverside Academy,Yes,Identified for Improvement - Year Two,High School
58,Monroe ISD,58080,Jefferson Schools (Monroe),07834,Jefferson Alternative Education,-,Identified for Improvement - Year One,Alternative School
59,Montcalm Area ISD,59070,Greenville Public Schools,01498,Greenville Senior High School,No,Identified for Improvement - Year Two,High School
59,Montcalm Area ISD,59125,Central Montcalm Public Schools,00610,Central Montcalm High School,Yes,Identified for Improvement - Year Two,High School
61,Muskegon Area ISD,61010,Muskegon City School District,02652,Muskegon High School,Yes,Corrective Action,High School
61,Muskegon Area ISD,61010,Muskegon City School District,06247,MCEC,No,Identified for Restructuring - Planning,Middle/High School
61,Muskegon Area ISD,61020,Muskegon Heights School District,02651,Muskegon Heights High School,No,Identified for Restructuring - Implementation,High School
61,Muskegon Area ISD,61020,Muskegon Heights School District,07692,Muskegon Heights Adult/Comm. Ed.,-,Identified for Improvement - Year One,Alternative School
61,Muskegon Area ISD,61065,Oakridge Public Schools,02814,Oakridge High School,Yes,Identified for Improvement - Year Two,High School
61,Muskegon Area ISD,61120,Holton Public Schools,01713,Holton High School,Yes,Identified for Improvement - Year One,High School
61,Muskegon Area ISD,61190,Orchard View Schools,02847,Orchard View High School,No,Identified for Improvement - Year Two,High School
62,Newaygo County RESA ,62000,Newaygo County RESA ,08955,Fremont Education and Activity Center,No,Identified for Improvement - Year Two,K-12 School
62,Newaygo County RESA ,62040,Fremont Public School District,00576,Quest High School,No,Identified for Improvement - Year Two,Alternative School
62,Newaygo County RESA ,62060,Hesperia Community Schools,07917,Hesperia Community Education,No,Identified for Improvement - Year One,Alternative School
62,Newaygo County RESA ,62070,Newaygo Public School District,07919,Learning Center East,Yes,Corrective Action,Alternative School
63,Oakland Schools,63020,Ferndale Public Schools,01222,Ferndale High School,Yes,Identified for Restructuring - Planning,High School
63,Oakland Schools,63020,Ferndale Public Schools,07786,Ferndale Adult Education,No,Corrective Action,Alternative School
63,Oakland Schools,63030,Pontiac City School District,02206,Lincoln Middle School,Yes,Identified for Improvement - Year One,Elementary
63,Oakland Schools,63030,Pontiac City School District,02756,Pontiac High School,Yes,Identified for Restructuring - Planning,High School
63,Oakland Schools,63030,Pontiac City School District,08689,Kennedy Center,No,Identified for Improvement - Year One,K-12 School
63,Oakland Schools,63040,School District of the City of Royal Oak,02034,Royal Oak High School,No,Identified for Improvement - Year Two,High School
63,Oakland Schools,63040,School District of the City of Royal Oak,05932,Churchill Community Ed. Center,-,Identified for Improvement - Year Two,Alternative School
63,Oakland Schools,63050,Berkley School District,00291,Berkley High School,Yes,Identified for Improvement - Year Two,High School
63,Oakland Schools,63050,Berkley School District,02928,Tri County Educational Center,No,Identified for Improvement - Year Two,Alternative School
63,Oakland Schools,63060,Southfield Public School District,03542,Southfield High School,Yes,Identified for Restructuring - Planning,High School
63,Oakland Schools,63060,Southfield Public School District,05419,Southfield-Lathrup High School,Yes,Identified for Improvement - Year One,High School
63,Oakland Schools,63060,Southfield Public School District,08048,Southfield Regional Academic Campus,No,Identified for Restructuring - Implementation,High School
63,Oakland Schools,63070,Avondale School District,00161,Avondale Academy,No,Corrective Action,Alternative School
63,Oakland Schools,63070,Avondale School District,05976,Avondale High School,Yes,Identified for Improvement - Year One,High School
63,Oakland Schools,63080,Bloomfield Hills School District,05674,Bloomfield Hills Lahser H.S.,Yes,Identified for Improvement - Year One,High School
63,Oakland Schools,63130,Hazel Park City School District,01616,Hazel Park High School,Yes,Identified for Improvement - Year Two,High School
63,Oakland Schools,63130,Hazel Park City School District,02399,Jardon Vocational School,No,Corrective Action,Spec Ed Center
63,Oakland Schools,63130,Hazel Park City School District,07680,Hazel Park Adult Education,No,Corrective Action,Alternative School
63,Oakland Schools,63130,Hazel Park City School District,07829,Hazel Park Breakfast Club,No,Corrective Action,Alternative School
63,Oakland Schools,63140,Madison Public Schools (Oakland),01083,Edison Elementary School,No,Identified for Improvement - Year One,Elementary
63,Oakland Schools,63140,Madison Public Schools (Oakland),02317,Madison High School,No,Identified for Restructuring - Implementation,High School
63,Oakland Schools,63140,Madison Public Schools (Oakland),08980,Community High School ,No,Identified for Restructuring - Implementation,Alternative School
63,Oakland Schools,63150,Troy School District,08286,Niles Community High School,No,Identified for Restructuring - Implementation,Alternative School
63,Oakland Schools,63160,West Bloomfield School District,08529,Laker Academy,No,Identified for Restructuring - Planning,Alternative School
63,Oakland Schools,63180,Brandon School District,08560,Howard T. Burt Lifelong Learning Center,Yes,Identified for Improvement - Year One,Alternative School
63,Oakland Schools,63190,Clarkston Community School District,09010,Clarkston Community Education,No,Identified for Restructuring - Implementation,Alternative School
63,Oakland Schools,63200,Farmington Public School District,00735,Cloverdale School,No,Identified for Improvement - Year Two,K-12 School
63,Oakland Schools,63200,Farmington Public School District,01204,Farmington High School,Yes,Identified for Improvement - Year Two,High School
63,Oakland Schools,63200,Farmington Public School District,09733,Farmington Central High School,-,Identified for Improvement - Year One,High School
63,Oakland Schools,63220,Huron Valley Schools,00964,Harbor High School,-,Corrective Action,Alternative School
63,Oakland Schools,63220,Huron Valley Schools,01801,Milford High School,No,Identified for Restructuring - Planning,High School
63,Oakland Schools,63220,Huron Valley Schools,06491,Lakeland High School,Yes,Identified for Improvement - Year Two,High School
63,Oakland Schools,63250,Oak Park City School District,02798,Oak Park High School,Yes,Identified for Improvement - Year Two,High School
63,Oakland Schools,63260,Rochester Community School District,03242,Rochester High School,No,Identified for Improvement - Year One,High School
63,Oakland Schools,63260,Rochester Community School District,07103,Alternative Center for Education,Yes,Identified for Improvement - Year One,Alternative School
63,Oakland Schools,63260,Rochester Community School District,07864,Rochester Adult Education,No,Identified for Improvement - Year One,Alternative School
63,Oakland Schools,63290,Walled Lake Consolidated Schools,07792,Walled Lake Community Education Center,No,Identified for Restructuring - Planning,Alternative School
63,Oakland Schools,63300,Waterford School District,00072,Waterford Alternative High School - Manley Campus,No,Identified for Improvement - Year Two,Alternative School
63,Oakland Schools,63300,Waterford School District,02803,Children's Village School,No,Corrective Action,Spec Ed Center
63,Oakland Schools,63300,Waterford School District,04092,Kingsley Montgomery School,No,Identified for Improvement - Year Two,Spec Ed Center
63,Oakland Schools,63300,Waterford School District,04393,Waterford Kettering High School,No,Identified for Improvement - Year Two,High School
63,Oakland Schools,63300,Waterford School District,05535,Waterford Mott High School,No,Corrective Action,High School
63,Oakland Schools,63902,Academy of Oak Park,08291,Academy of Oak Park - High School,No,Identified for Restructuring - Implementation,High School
63,Oakland Schools,63906,Pontiac Academy for Excellence,08433,Pontiac Academy for Excellence - High School,Yes,Corrective Action,High School
63,Oakland Schools,63920,Life Skills Center of Pontiac,09458,Life Skills Center of Pontiac,No,Identified for Restructuring - Planning,Alternative School
64,Oceana Intermediate School District,64080,Shelby Public Schools,07215,Oceana High School,No,Identified for Restructuring - Implementation,Alternative School
54,Mecosta-Osceola ISD,67020,Evart Public Schools,07673,Evart Alternative High School,No,Corrective Action,High School
72,C.O.O.R. ISD,68030,Fairview Area School District,01194,Fairview High School,No,Corrective Action,Middle/High School
70,Ottawa Area ISD,70010,Grand Haven Area Public Schools,00620,Central High School,No,Identified for Restructuring - Implementation,Alternative School
70,Ottawa Area ISD,70020,Holland City School District,01697,Holland High School,No,Identified for Restructuring - Implementation,Middle/High School
70,Ottawa Area ISD,70070,West Ottawa Public School District,04462,West Ottawa High School Campus,Yes,Identified for Improvement - Year One,High School
70,Ottawa Area ISD,70120,Coopersville Area Public School District,09699,New Options High School,No,Identified for Improvement - Year Two,High School
70,Ottawa Area ISD,70907,Wavecrest Career Academy,09700,Wavecrest Career Academy,No,Identified for Improvement - Year Two,High School
16,Cheb-Otsego-Presque Isle ESD,71902,Presque Isle Academy II,08867,Presque Isle Academy II,Yes,Identified for Improvement - Year One,Alternative School
72,C.O.O.R. ISD,72020,Houghton Lake Community Schools,08258,Houghton Lake Adult Education,No,Corrective Action,Alternative School
73,Saginaw ISD,73000,Saginaw ISD,08777,Michael J McGivney,-,Identified for Improvement - Year One,Spec Ed Center
73,Saginaw ISD,73010,Saginaw City School District,00606,Ruben Daniels Middle School,No,Identified for Improvement - Year Two,Middle School
73,Saginaw ISD,73010,Saginaw City School District,03336,Saginaw High School,No,Identified for Restructuring - Planning,High School
73,Saginaw ISD,73010,Saginaw City School District,03532,Thompson Middle School,Yes,Identified for Improvement - Year Two,Middle School
73,Saginaw ISD,73010,Saginaw City School District,04415,Webber K-8,Yes,Identified for Improvement - Year Two,Elementary
73,Saginaw ISD,73010,Saginaw City School District,09349,Ruben Daniels Community School-ETC,No,Identified for Improvement - Year One,High School
73,Saginaw ISD,73030,Carrollton School District,09242,Omni Adult and Alternative Education,No,Identified for Improvement - Year One,Alternative School
73,Saginaw ISD,73040,Saginaw Township Community Schools,08178,Mackinaw High School,No,Corrective Action,Alternative School
73,Saginaw ISD,73080,Buena Vista School District,00440,Buena Vista High School,No,Identified for Restructuring - Implementation,High School
73,Saginaw ISD,73080,Buena Vista School District,08693,Wolverine Secure Treatment Center,Yes,Identified for Improvement - Year Two,Middle/High School
73,Saginaw ISD,73240,St. Charles Community Schools,07810,St. Charles Alternative Education,No,Identified for Improvement - Year One,Alternative School
73,Saginaw ISD,73909,Francis Reh PSA,08653,Francis Reh PSA,No,Identified for Improvement - Year One,Elementary
73,Saginaw ISD,73911,Saginaw Learn to Earn Academy,09601,Saginaw Learn to Earn Academy,No,Identified for Improvement - Year One,High School
74,St. Clair County RESA,74000,St. Clair County RESA,03376,Woodland Developmental Center,No,Identified for Improvement - Year One,Spec Ed Center
74,St. Clair County RESA,74010,Port Huron Area School District,02640,Grant Educational Center,No,Identified for Improvement - Year Two,Alternative School
74,St. Clair County RESA,74010,Port Huron Area School District,03090,Port Huron Northern High School,No,Identified for Restructuring - Implementation,High School
74,St. Clair County RESA,74010,Port Huron Area School District,03092,Port Huron High School,No,Identified for Restructuring - Implementation,High School
74,St. Clair County RESA,74040,Capac Community School District,07820,Capac Adult and Community Education,Yes,Identified for Improvement - Year One,Alternative School
74,St. Clair County RESA,74050,East China School District,08924,Riverview East High School,-,Corrective Action,Alternative School
74,St. Clair County RESA,74906,Blue Water Learning Academy,08819,Blue Water Learning Academy,Yes,Identified for Improvement - Year Two,Middle/High School
75,St. Joseph County ISD,75030,Centreville Public Schools,08410,Covered Bridge School,Yes,Identified for Improvement - Year One,Alternative School
75,St. Joseph County ISD,75080,Three Rivers Community Schools,07698,Barrows Adult Education,-,Identified for Improvement - Year Two,Alternative School
76,Sanilac ISD,76000,Sanilac ISD,08852,Sanilac ISD Special Education Services,No,Corrective Action,Spec Ed Center
76,Sanilac ISD,76070,Carsonville-Port Sanilac School District,09548,Carsonville-Port Sanilac Learning Center,Yes,Identified for Improvement - Year Two,Alternative School
78,Shiawassee Regional ESD,78100,Corunna Public School District,06673,Corunna High School,Yes,Identified for Improvement - Year One,High School
78,Shiawassee Regional ESD,78110,Owosso Public Schools,02924,Owosso High School,No,Identified for Improvement - Year One,High School
78,Shiawassee Regional ESD,78110,Owosso Public Schools,09543,Lincoln Alternative High School,No,Corrective Action,Alternative School
80,Van Buren ISD,80020,Bangor Public Schools,00189,Bangor High School,No,Identified for Improvement - Year Two,Middle/High School
80,Van Buren ISD,80040,Covert Public Schools,00817,Covert High School,No,Identified for Restructuring - Planning,High School
80,Van Buren ISD,80090,Bloomingdale Public School District,00357,Bloomingdale High School,Yes,Identified for Improvement - Year Two,High School
80,Van Buren ISD,80120,Hartford Public School District,01598,Hartford High School,No,Identified for Improvement - Year Two,High School
80,Van Buren ISD,80160,Paw Paw Public School District,07750,Michigan Avenue Academy,No,Identified for Restructuring - Planning,Alternative School
81,Washtenaw ISD,81010,Ann Arbor Public Schools,08680,Stone High School,No,Identified for Restructuring - Implementation,Alternative School
81,Washtenaw ISD,81020,School District of Ypsilanti,06273,Ypsilanti High School,No,Identified for Restructuring - Implementation,High School
81,Washtenaw ISD,81070,Lincoln Consolidated School District,02187,Lincoln Senior High School,No,Identified for Improvement - Year Two,High School
81,Washtenaw ISD,81150,Willow Run Community Schools,04550,Willow Run High School,No,Identified for Restructuring - Implementation,High School
82,Wayne RESA,82010,Detroit City School District,00005,"Holmes, A.L.  Elementary School",Yes,Identified for Improvement - Year One,Elementary
82,Wayne RESA,82010,Detroit City School District,00082,Earhart Middle School,No,Identified for Restructuring - Implementation,Middle School
82,Wayne RESA,82010,Detroit City School District,00200,Barbour Magnet Middle School,Yes,Identified for Restructuring - Implementation,Elementary
82,Wayne RESA,82010,Detroit City School District,00333,Birney Elementary School,Yes,Identified for Improvement - Year One,Elementary
82,Wayne RESA,82010,Detroit City School District,00446,Bunche Elementary School,No,Identified for Improvement - Year One,Elementary
82,Wayne RESA,82010,Detroit City School District,00456,Burns Elementary School,No,Identified for Improvement - Year One,Elementary
82,Wayne RESA,82010,Detroit City School District,00463,Burt Elementary School,No,Corrective Action,Elementary
82,Wayne RESA,82010,Detroit City School District,00471,Butzel Elementary/Middle School,Yes,Identified for Improvement - Year One,Elementary
82,Wayne RESA,82010,Detroit City School District,00510,Campbell Elementary School,No,Identified for Improvement - Year One,Elementary
82,Wayne RESA,82010,Detroit City School District,00542,Carstens Elementary School,No,Identified for Improvement - Year One,Elementary
82,Wayne RESA,82010,Detroit City School District,00617,Central High School,No,Identified for Restructuring - Implementation,Middle/High School
82,Wayne RESA,82010,Detroit City School District,00631,Chadsey High School,Yes,Identified for Restructuring - Implementation,Elementary
82,Wayne RESA,82010,Detroit City School District,00717,Cleveland Middle School,Yes,Identified for Restructuring - Implementation,Middle School
82,Wayne RESA,82010,Detroit City School District,00727,Clinton Elementary School,Yes,Identified for Improvement - Year One,Elementary
82,Wayne RESA,82010,Detroit City School District,00739,Cody College Preparatory Upper School of Teaching ,No,Identified for Restructuring - Implementation,Middle/High School
82,Wayne RESA,82010,Detroit City School District,00741,Coffey Elementary/Middle School,No,Identified for Improvement - Year Two,Elementary
82,Wayne RESA,82010,Detroit City School District,00785,Cooley High School,No,Identified for Restructuring - Implementation,Middle/High School
82,Wayne RESA,82010,Detroit City School District,00787,Coolidge Elementary School,Yes,Identified for Improvement - Year One,Elementary
82,Wayne RESA,82010,Detroit City School District,00857,"Marshall, Thurgood Elementary School",Yes,Identified for Improvement - Year Two,Elementary
82,Wayne RESA,82010,Detroit City School District,00880,Davison Elementary School,No,Identified for Improvement - Year One,Elementary
82,Wayne RESA,82010,Detroit City School District,00902,Denby High School,No,Identified for Restructuring - Implementation,High School
82,Wayne RESA,82010,Detroit City School District,00908,Detroit Day School For The Deaf,No,Identified for Improvement - Year Two,Spec Ed Center
82,Wayne RESA,82010,Detroit City School District,00966,Duffield Elementary School,No,Identified for Improvement - Year Two,Elementary
82,Wayne RESA,82010,Detroit City School District,01043,King High School,No,Identified for Restructuring - Implementation,High School
82,Wayne RESA,82010,Detroit City School District,01087,Edmonson Elementary School,No,Identified for Improvement - Year One,Elementary
82,Wayne RESA,82010,Detroit City School District,01211,Farwell Middle School,No,Identified for Improvement - Year Two,Middle School
82,Wayne RESA,82010,Detroit City School District,01236,Finney High School,No,Identified for Restructuring - Implementation,Middle/High School
82,Wayne RESA,82010,Detroit City School District,01244,Fitzgerald Elementary School,No,Identified for Improvement - Year Two,Elementary
82,Wayne RESA,82010,Detroit City School District,01248,Fleming Elementary School,No,Identified for Improvement - Year Two,Elementary
82,Wayne RESA,82010,Detroit City School District,01362,Gardner Elementary School,No,Identified for Improvement - Year One,Elementary
82,Wayne RESA,82010,Detroit City School District,01518,Bethune Academy,Yes,Identified for Improvement - Year One,Elementary
82,Wayne RESA,82010,Detroit City School District,01546,Hamilton Elementary School,No,Corrective Action,Elementary
82,Wayne RESA,82010,Detroit City School District,01552,Barbara Jordan Elementary,No,Identified for Restructuring - Implementation,Elementary
82,Wayne RESA,82010,Detroit City School District,01569,Harding Elementary School,No,Identified for Restructuring - Implementation,Elementary
82,Wayne RESA,82010,Detroit City School District,01634,Ford High School,No,Identified for Restructuring - Implementation,Middle/High School
82,Wayne RESA,82010,Detroit City School District,01690,Holcomb Elementary School,Yes,Identified for Improvement - Year One,Elementary
82,Wayne RESA,82010,Detroit City School District,01764,Houghten Elementary School,No,Identified for Improvement - Year One,Elementary
82,Wayne RESA,82010,Detroit City School District,01803,Hutchinson Elementary School,Yes,Identified for Improvement - Year One,Elementary
82,Wayne RESA,82010,Detroit City School District,01871,McNair Middle School,No,Identified for Improvement - Year Two,Elementary
82,Wayne RESA,82010,Detroit City School District,01887,Jamieson Elementary School,No,Identified for Improvement - Year Two,Elementary
82,Wayne RESA,82010,Detroit City School District,01976,Joyce Elementary School,No,Identified for Improvement - Year One,Elementary
82,Wayne RESA,82010,Detroit City School District,02030,Kettering High School,No,Identified for Restructuring - Implementation,High School
82,Wayne RESA,82010,Detroit City School District,02167,Lessenger Elementary-Middle School,No,Identified for Improvement - Year Two,Elementary
82,Wayne RESA,82010,Detroit City School District,02310,Macomb Elementary School,Yes,Identified for Improvement - Year One,Elementary
82,Wayne RESA,82010,Detroit City School District,02377,Law Elementary School,No,Identified for Improvement - Year Two,Elementary
82,Wayne RESA,82010,Detroit City School District,02398,"Marshall, John Elementary School",No,Identified for Improvement - Year Two,Elementary
82,Wayne RESA,82010,Detroit City School District,02431,Mason Elementary School,No,Identified for Improvement - Year Two,Elementary
82,Wayne RESA,82010,Detroit City School District,02458,McColl Elementary School,No,Identified for Improvement - Year One,Elementary
82,Wayne RESA,82010,Detroit City School District,02475,McKenny Elementary School,No,Identified for Improvement - Year Two,Elementary
82,Wayne RESA,82010,Detroit City School District,02644,Mumford High School,No,Identified for Restructuring - Implementation,Middle/High School
82,Wayne RESA,82010,Detroit City School District,02646,Munger Elementary School,No,Identified for Improvement - Year Two,Elementary
82,Wayne RESA,82010,Detroit City School District,02648,Murphy Elementary-Middle School,No,Corrective Action,Elementary
82,Wayne RESA,82010,Detroit City School District,02669,Neinas Elementary School,No,Identified for Improvement - Year One,Elementary
82,Wayne RESA,82010,Detroit City School District,02701,Rutherford Elementary School,Yes,Identified for Improvement - Year One,Elementary
82,Wayne RESA,82010,Detroit City School District,02708,Nolan Elementary School,Yes,Identified for Improvement - Year One,Elementary
82,Wayne RESA,82010,Detroit City School District,02778,Northwestern High School,No,Identified for Improvement - Year Two,High School
82,Wayne RESA,82010,Detroit City School District,02855,Osborn Upper School of Global Communications and C,No,Identified for Restructuring - Implementation,High School
82,Wayne RESA,82010,Detroit City School District,02951,Parker Elementary School,No,Corrective Action,Elementary
82,Wayne RESA,82010,Detroit City School District,03015,Pershing High School,No,Identified for Restructuring - Implementation,Middle/High School
82,Wayne RESA,82010,Detroit City School District,03123,Priest Elementary School,No,Identified for Restructuring - Implementation,Elementary
82,Wayne RESA,82010,Detroit City School District,03130,Pulaski Elementary School,No,Identified for Improvement - Year Two,Elementary
82,Wayne RESA,82010,Detroit City School District,03420,Schulze Elementary School,Yes,Identified for Restructuring - Planning,Elementary
82,Wayne RESA,82010,Detroit City School District,03540,Southeastern High School,No,Identified for Restructuring - Implementation,High School
82,Wayne RESA,82010,Detroit City School District,03555,Southwestern High School,No,Identified for Restructuring - Implementation,Middle/High School
82,Wayne RESA,82010,Detroit City School District,03676,Fisher Magnet ,No,Identified for Improvement - Year Two,Elementary
82,Wayne RESA,82010,Detroit City School District,03717,"Young, Coleman A. Elementary",Yes,Identified for Improvement - Year One,Elementary
82,Wayne RESA,82010,Detroit City School District,03725,Loving Elementary School,No,Identified for Improvement - Year One,Elementary
82,Wayne RESA,82010,Detroit City School District,03857,Robinson Middle School,No,Identified for Improvement - Year Two,Elementary
82,Wayne RESA,82010,Detroit City School District,04062,"Brown, Ronald Academy",No,Identified for Improvement - Year One,Elementary
82,Wayne RESA,82010,Detroit City School District,04129,Taft Middle School,No,Identified for Improvement - Year Two,Middle School
82,Wayne RESA,82010,Detroit City School District,04156,Thirkell Elementary School,Yes,Identified for Improvement - Year One,Elementary
82,Wayne RESA,82010,Detroit City School District,04222,Trix Elementary School,Yes,Corrective Action,Elementary
82,Wayne RESA,82010,Detroit City School District,04319,Bow Elementary School,No,Identified for Improvement - Year One,Elementary
82,Wayne RESA,82010,Detroit City School District,04406,Wayne Elementary School,Yes,Identified for Improvement - Year One,Elementary
82,Wayne RESA,82010,Detroit City School District,04477,Western International High School,No,Identified for Restructuring - Implementation,Middle/High School
82,Wayne RESA,82010,Detroit City School District,04500,White Elementary School,No,Corrective Action,Elementary
82,Wayne RESA,82010,Detroit City School District,04527,Wilkins Elementary School,No,Identified for Improvement - Year One,Elementary
82,Wayne RESA,82010,Detroit City School District,04554,Phoenix Elementary,No,Identified for Improvement - Year Two,Elementary
82,Wayne RESA,82010,Detroit City School District,04569,Winterhalter Elementary School,Yes,Identified for Improvement - Year One,Elementary
82,Wayne RESA,82010,Detroit City School District,04807,Van Zile Elementary School,No,Identified for Improvement - Year One,Elementary
82,Wayne RESA,82010,Detroit City School District,04812,McFarlane Elementary School,No,Identified for Improvement - Year Two,Elementary
82,Wayne RESA,82010,Detroit City School District,05553,Carleton Elementary School,No,Identified for Improvement - Year Two,Elementary
82,Wayne RESA,82010,Detroit City School District,05675,Glazer Elementary School,No,Identified for Improvement - Year Two,Elementary
82,Wayne RESA,82010,Detroit City School District,05773,Drew Middle School,No,Identified for Restructuring - Implementation,Elementary
82,Wayne RESA,82010,Detroit City School District,06074,Stewart Elementary School,No,Identified for Improvement - Year One,Elementary
82,Wayne RESA,82010,Detroit City School District,06095,Columbus Middle School,Yes,Identified for Restructuring - Implementation,Elementary
82,Wayne RESA,82010,Detroit City School District,06105,Richard Elementary School,Yes,Identified for Improvement - Year Two,Elementary
82,Wayne RESA,82010,Detroit City School District,06342,Boykin Continuing Ed. Center,Yes,Identified for Restructuring - Implementation,Alternative School
82,Wayne RESA,82010,Detroit City School District,06631,"Beckham, William Academy",No,Identified for Restructuring - Implementation,Elementary
82,Wayne RESA,82010,Detroit City School District,06693,Vetal Elementary School,Yes,Identified for Restructuring - Implementation,Elementary
82,Wayne RESA,82010,Detroit City School District,07024,Crockett High School,No,Identified for Restructuring - Implementation,Middle/High School
82,Wayne RESA,82010,Detroit City School District,07097,Ferguson Academy for Young Women,No,Identified for Restructuring - Implementation,Alternative School
82,Wayne RESA,82010,Detroit City School District,07529,Detroit City High School,No,Identified for Improvement - Year Two,Elementary
82,Wayne RESA,82010,Detroit City School District,07651,Trombly Alternative High School,No,Identified for Restructuring - Implementation,Alternative School
82,Wayne RESA,82010,Detroit City School District,07795,Jemison School of Choice,No,Identified for Improvement - Year Two,Elementary
82,Wayne RESA,82010,Detroit City School District,08526,Crosman Alternative High School,No,Identified for Restructuring - Implementation,Alternative School
82,Wayne RESA,82010,Detroit City School District,08925,Detroit Lions Alternative Education,No,Corrective Action,Alternative School
82,Wayne RESA,82010,Detroit City School District,08929,West Side Academy Alt. Ed ,No,Identified for Restructuring - Implementation,Alternative School
82,Wayne RESA,82010,Detroit City School District,09121,Fisher Magnet Lower Academy,No,Identified for Improvement - Year Two,Elementary
82,Wayne RESA,82010,Detroit City School District,09341,"Scott, Brenda Middle School",No,Identified for Restructuring - Implementation,Middle School
82,Wayne RESA,82010,Detroit City School District,09342,Hancock,No,Identified for Improvement - Year One,Alternative School
82,Wayne RESA,82010,Detroit City School District,09345,Fisher Magnet Upper Academy,No,Identified for Restructuring - Planning,Middle School
82,Wayne RESA,82010,Detroit City School District,09469,Erma Henderson Upper School,Yes,Identified for Improvement - Year Two,Elementary
82,Wayne RESA,82010,Detroit City School District,09474,Cooley North Wing,No,Identified for Restructuring - Planning,Middle/High School
82,Wayne RESA,82010,Detroit City School District,09475,Kettering West Wing,No,Identified for Restructuring - Planning,Middle/High School
82,Wayne RESA,82010,Detroit City School District,09593,Detroit International Academy,Yes,Identified for Improvement - Year One,Elementary
82,Wayne RESA,82010,Detroit City School District,09594,Keidan Special Education School,No,Identified for Improvement - Year Two,Spec Ed Center
82,Wayne RESA,82010,Detroit City School District,09788,Turning Point Academy,No,Identified for Improvement - Year One,Elementary
82,Wayne RESA,82020,Allen Park Public Schools,08422,Allen Park Community School,No,Identified for Restructuring - Implementation,Alternative School
82,Wayne RESA,82050,Garden City School District,07376,Cambridge High School,No,Identified for Restructuring - Planning,Alternative School
82,Wayne RESA,82060,Hamtramck Public Schools,01554,Hamtramck High School,No,Identified for Restructuring - Implementation,High School
82,Wayne RESA,82070,Highland Park City Schools,01666,Highland Park Community H.S.,No,Identified for Restructuring - Implementation,High School
82,Wayne RESA,82080,School District of the City of Inkster,01840,Inkster High School,No,Identified for Restructuring - Implementation,High School
82,Wayne RESA,82095,Livonia Public Schools,00025,Stevenson High School,Yes,Identified for Improvement - Year Two,High School
82,Wayne RESA,82100,Plymouth-Canton Community Schools,04055,Starkweather CEC,No,Corrective Action,Alternative School
82,Wayne RESA,82100,Plymouth-Canton Community Schools,05770,Salem High School,Yes,Identified for Improvement - Year Two,High School
82,Wayne RESA,82100,Plymouth-Canton Community Schools,06276,Canton High School,Yes,Identified for Restructuring - Planning,High School
82,Wayne RESA,82110,Redford Union School District,03167,Redford Union High School,No,Identified for Restructuring - Implementation,High School
82,Wayne RESA,82110,Redford Union School District,06642,Kaselemis Center,No,Identified for Restructuring - Implementation,Spec Ed Center
82,Wayne RESA,82110,Redford Union School District,08278,Elem. Day Treatment,Yes,Identified for Improvement - Year One,Spec Ed Center
82,Wayne RESA,82120,River Rouge School District,00105,Ann Visger K-5 Preparatory Academy,No,Identified for Improvement - Year Two,Elementary
82,Wayne RESA,82120,River Rouge School District,03208,River Rouge Middle College High School Academy,No,Identified for Restructuring - Implementation,High School
82,Wayne RESA,82130,Romulus Community Schools,03260,Romulus Senior High School,No,Identified for Improvement - Year Two,High School
82,Wayne RESA,82130,Romulus Community Schools,09025,Community Middle/Community High School,No,Identified for Improvement - Year Two,Alternative School
82,Wayne RESA,82140,South Redford School District,02149,Lee M. Thurston High School,Yes,Identified for Improvement - Year One,High School
82,Wayne RESA,82150,Taylor School District,01249,Titan Alternative High School,No,Identified for Restructuring - Implementation,Middle/High School
82,Wayne RESA,82150,Taylor School District,01944,John F. Kennedy High School,Yes,Identified for Restructuring - Planning,High School
82,Wayne RESA,82150,Taylor School District,06428,Truman High School,Yes,Identified for Restructuring - Planning,High School
82,Wayne RESA,82160,Wayne-Westland Community School District,04407,Wayne Memorial High School,Yes,Identified for Improvement - Year Two,Middle/High School
82,Wayne RESA,82170,Wyandotte City School District,06726,Madison School,No,Identified for Improvement - Year One,K-12 School
82,Wayne RESA,82180,Flat Rock Community Schools,01246,Flat Rock Community High School,No,Identified for Improvement - Year Two,High School
82,Wayne RESA,82240,Westwood Community Schools,03238,Robichaud Senior High School,Yes,Identified for Restructuring - Planning,High School
82,Wayne RESA,82240,Westwood Community Schools,09767,Westwood Alternative Education,No,Identified for Improvement - Year One,High School
82,Wayne RESA,82250,Ecorse Public School District,01069,Ecorse Community High School,No,Identified for Restructuring - Implementation,Middle/High School
82,Wayne RESA,82290,Gibraltar School District,07745,Downriver High School,Yes,Identified for Restructuring - Planning,Alternative School
82,Wayne RESA,82365,Woodhaven-Brownstown School District,06288,Woodhaven High School,No,Identified for Improvement - Year Two,High School
82,Wayne RESA,82405,Southgate Community School District,02956,Asher School,No,Identified for Restructuring - Implementation,Alternative School
82,Wayne RESA,82430,Van Buren Public Schools,09546,Van Buren Alternative Education School,No,Corrective Action,Alternative School
82,Wayne RESA,82902,Casa Richard Academy,08046,Casa Richard Academy,No,Identified for Restructuring - Implementation,High School
82,Wayne RESA,82903,Aisha Shule/WEB Dubois Prep. Academy School,08047,Aisha Shule/WEB Dubois Prep. Academy School,Yes,Corrective Action,K-12 School
82,Wayne RESA,82907,Michigan Technical Academy,08261,Michigan Technical Academy High School,Yes,Identified for Restructuring - Planning,High School
82,Wayne RESA,82917,Michigan Health Academy,08346,Michigan Health Academy,Yes,Identified for Restructuring - Planning,High School
82,Wayne RESA,82918,Cesar Chavez Academy,09153,Cesar Chavez High School,No,Corrective Action,High School
82,Wayne RESA,82925,Detroit Community Schools,08456,Detroit Community Schools-High School,Yes,Identified for Improvement - Year One,High School
82,Wayne RESA,82929,Detroit Academy of Arts and Sciences,08489,Detroit Academy of Arts and Sciences,Yes,Identified for Improvement - Year Two,Elementary
82,Wayne RESA,82929,Detroit Academy of Arts and Sciences,09420,Detroit Academy of Arts and Sciences High School,No,Identified for Restructuring - Planning,High School
82,Wayne RESA,82943,Weston Preparatory Academy,08641,Weston Preparatory Academy,Yes,Identified for Improvement - Year Two,K-12 School
82,Wayne RESA,82948,Ross Hill Academy,08669,Ross/Hill Academy-Elementary,No,Identified for Improvement - Year Two,Elementary
82,Wayne RESA,82949,Center for Literacy and Creativity,08668,Center for Literacy and Creativity,Yes,Corrective Action,Elementary
82,Wayne RESA,82953,Detroit Service Learning Academy,08704,Detroit Service Learning Academy,Yes,Identified for Improvement - Year One,Elementary
82,Wayne RESA,82957,Hope of Detroit Academy,09155,Hope of Detroit Academy Consortium High School,No,Identified for Improvement - Year Two,High School
82,Wayne RESA,82961,Academy of Inkster,08729,Academy of Inkster,Yes,Identified for Improvement - Year Two,High School
82,Wayne RESA,82963,George Washington Carver Academy,08757,George Washington Carver Academy,No,Identified for Improvement - Year Two,Elementary
82,Wayne RESA,82964,Detroit Midtown Academy,08785,Detroit Midtown Academy,No,Identified for Restructuring - Implementation,Middle/High School
82,Wayne RESA,82971,Blanche Kelso Bruce Academy,09142,Blanche Kelso Bruce Academy-Connor,-,Identified for Restructuring - Implementation,Alternative School
82,Wayne RESA,82978,Life Skills Center of Metropolitan Detroit,09419,Life Skills Center of Metropolitan Detroit,No,Identified for Restructuring - Planning,Alternative School
82,Wayne RESA,82989,Covenant House Life Skills Center West,09624,Covenant House Life Skills Center West,No,Corrective Action,Alternative School
82,Wayne RESA,82990,Covenant House Life Skills Center East,09621,Covenant House Life Skills Center East,No,Corrective Action,Alternative School
82,Wayne RESA,82991,Covenant House Life Skills Center Central,09649,Covenant House Life Skills Center Central,No,Corrective Action,High School
82,Wayne RESA,82996,Clara B. Ford Academy (SDA),09787,Clara B. Ford Academy (SDA),No,Identified for Improvement - Year One,Middle/High School
83,Wexford-Missaukee ISD,83010,Cadillac Area Public Schools,07271,Cooley School,No,Identified for Restructuring - Planning,Alternative School
,,,,,,,,
,,,,,,,,
,,,,,,,,
,,,,,,,,
,,,,,,,,
,,,,,,,,
,,,,,,,,
,,,,,,,,
,,,,,,,,
,,,,,,,,